trial_id,scene_id,direction_id,joint_index,joint_name,sign,magnitude_deg,magnitude_rad,joint_limit_valid,first_invalid_state_index,physx_collision,physx_min_separation_m,physx_min_separation_state_index,physx_first_collision_state_index,obstacle_unchanged,trajectory_frozen,replanned_after_perturbation,curobo_collision,curobo_min_clearance_m,curobo_min_state_index,curobo_min_sphere_index,engine_agreement
formal_baseline_v1__negative_J2__refine_03.50000deg,formal_baseline_v1,negative_J2,1,panda_joint2,negative,3.5,0.061086523819801536,True,,True,-0.0016114898025989532,20,20,True,True,False,True,-0.0030974410474300385,19,31,True
formal_baseline_v1__negative_J2__refine_03.25000deg,formal_baseline_v1,negative_J2,1,panda_joint2,negative,3.25,0.05672320068981571,True,,True,-0.0004188418388366699,20,20,True,True,False,True,-0.002016853541135788,19,31,True
formal_baseline_v1__negative_J2__refine_03.12500deg,formal_baseline_v1,negative_J2,1,panda_joint2,negative,3.125,0.0545415391248228,True,,False,0.0001766197383403778,20,,True,True,False,True,-0.0014683976769447327,19,31,False
formal_baseline_v1__negative_J2__refine_03.18750deg,formal_baseline_v1,negative_J2,1,panda_joint2,negative,3.1875,0.055632369907319255,True,,True,-0.00012112781405448914,20,20,True,True,False,True,-0.001743357628583908,19,31,True
formal_baseline_v1__positive_J4__refine_01.50000deg,formal_baseline_v1,positive_J4,3,panda_joint4,positive,1.5,0.026179938779914945,True,,False,0.0025666654109954834,19,,True,True,False,False,0.001537170261144638,19,31,True
formal_baseline_v1__positive_J4__refine_01.75000deg,formal_baseline_v1,positive_J4,3,panda_joint4,positive,1.75,0.030543261909900768,True,,False,0.0006628930568695068,19,,True,True,False,True,-0.00047305598855018616,19,31,False
formal_baseline_v1__positive_J4__refine_01.87500deg,formal_baseline_v1,positive_J4,3,panda_joint4,positive,1.875,0.032724923474893676,True,,True,-0.0003063604235649109,19,19,True,True,False,True,-0.0014772750437259674,19,31,True
formal_baseline_v1__positive_J4__refine_01.81250deg,formal_baseline_v1,positive_J4,3,panda_joint4,positive,1.8125,0.031634092692397225,True,,False,0.00017786771059036255,19,,True,True,False,True,-0.0009752847254276276,19,31,False
multiscene_candidate_001__negative_J4__refine_01.50000deg,multiscene_candidate_001,negative_J4,3,panda_joint4,negative,1.5,0.026179938779914945,True,,True,-0.0017513036727905273,20,19,True,True,False,True,-0.001488925889134407,20,59,True
multiscene_candidate_001__negative_J4__refine_01.25000deg,multiscene_candidate_001,negative_J4,3,panda_joint4,negative,1.25,0.02181661564992912,True,,False,0.00028378143906593323,20,,True,True,False,False,0.000545998103916645,20,59,True
multiscene_candidate_001__negative_J4__refine_01.37500deg,multiscene_candidate_001,negative_J4,3,panda_joint4,negative,1.375,0.02399827721492203,True,,True,-0.0007325708866119385,20,20,True,True,False,True,-0.00047515612095594406,20,59,True
multiscene_candidate_001__negative_J4__refine_01.31250deg,multiscene_candidate_001,negative_J4,3,panda_joint4,negative,1.3125,0.022907446432425576,True,,True,-0.00022404640913009644,20,20,True,True,False,False,3.4574419260025024e-05,20,59,False
multiscene_candidate_001__positive_J2__refine_02.50000deg,multiscene_candidate_001,positive_J2,1,panda_joint2,positive,2.5,0.04363323129985824,True,,True,-0.0010939985513687134,20,19,True,True,False,True,-0.0002680830657482147,19,59,True
multiscene_candidate_001__positive_J2__refine_02.25000deg,multiscene_candidate_001,positive_J2,1,panda_joint2,positive,2.25,0.039269908169872414,True,,False,9.64142382144928e-05,20,,True,True,False,False,0.0008024787530303001,20,59,True
multiscene_candidate_001__positive_J2__refine_02.37500deg,multiscene_candidate_001,positive_J2,1,panda_joint2,positive,2.375,0.04145156973486533,True,,True,-0.000498306006193161,20,19,True,True,False,False,0.0003168350085616112,20,59,False
multiscene_candidate_001__positive_J2__refine_02.31250deg,multiscene_candidate_001,positive_J2,1,panda_joint2,positive,2.3125,0.04036073895236887,True,,True,-0.00020089000463485718,20,20,True,True,False,False,0.0005577802658081055,20,59,False
multiscene_candidate_005__negative_J4__refine_01.50000deg,multiscene_candidate_005,negative_J4,3,panda_joint4,negative,1.5,0.026179938779914945,True,,True,-0.0026012174785137177,30,29,True,True,False,True,-0.0015765167772769928,30,59,True
multiscene_candidate_005__negative_J4__refine_01.25000deg,multiscene_candidate_005,negative_J4,3,panda_joint4,negative,1.25,0.02181661564992912,True,,True,-0.0006762035191059113,30,30,True,True,False,False,0.0003403518348932266,30,59,False
multiscene_candidate_005__negative_J4__refine_01.12500deg,multiscene_candidate_005,negative_J4,3,panda_joint4,negative,1.125,0.019634954084936207,True,,False,0.0002875588834285736,30,,True,True,False,False,0.0013002501800656319,30,59,True
multiscene_candidate_005__negative_J4__refine_01.18750deg,multiscene_candidate_005,negative_J4,3,panda_joint4,negative,1.1875,0.020725784867432664,True,,True,-0.00019435212016105652,30,30,True,True,False,False,0.0008203145116567612,30,59,False
multiscene_candidate_005__positive_J2__refine_01.50000deg,multiscene_candidate_005,positive_J2,1,panda_joint2,positive,1.5,0.026179938779914945,True,,False,0.0018708892166614532,30,,True,True,False,False,0.0028366632759571075,30,59,True
multiscene_candidate_005__positive_J2__refine_01.75000deg,multiscene_candidate_005,positive_J2,1,panda_joint2,positive,1.75,0.030543261909900768,True,,False,0.0006768517196178436,30,,True,True,False,False,0.0016577132046222687,30,59,True
multiscene_candidate_005__positive_J2__refine_01.87500deg,multiscene_candidate_005,positive_J2,1,panda_joint2,positive,1.875,0.032724923474893676,True,,False,7.926300168037415e-05,30,,True,True,False,False,0.0010674186050891876,30,59,True
multiscene_candidate_005__positive_J2__refine_01.93750deg,multiscene_candidate_005,positive_J2,1,panda_joint2,positive,1.9375,0.03381575425739013,True,,True,-0.00021965429186820984,30,30,True,True,False,False,0.0007721371948719025,30,59,False
multiscene_candidate_005__positive_J3__refine_07.00000deg,multiscene_candidate_005,positive_J3,2,panda_joint3,positive,7.0,0.12217304763960307,True,,True,-0.0007877573370933533,27,27,True,True,False,False,0.00016884878277778625,27,59,False
multiscene_candidate_005__positive_J3__refine_06.50000deg,multiscene_candidate_005,positive_J3,2,panda_joint3,positive,6.5,0.11344640137963143,True,,False,0.00019437819719314575,28,,True,True,False,False,0.0014574415981769562,27,59,True
multiscene_candidate_005__positive_J3__refine_06.75000deg,multiscene_candidate_005,positive_J3,2,panda_joint3,positive,6.75,0.11780972450961724,True,,True,-0.0001368410885334015,27,27,True,True,False,False,0.0008149035274982452,27,59,False
multiscene_candidate_005__positive_J3__refine_06.62500deg,multiscene_candidate_005,positive_J3,2,panda_joint3,positive,6.625,0.11562806294462433,True,,False,0.0001721903681755066,28,,True,True,False,False,0.0011365599930286407,27,59,True
multiscene_candidate_005__positive_J3__refine_06.68750deg,multiscene_candidate_005,positive_J3,2,panda_joint3,positive,6.6875,0.11671889372712078,True,,False,2.5372952222824097e-05,27,,True,True,False,False,0.0009758658707141876,27,59,True
multiscene_candidate_006__negative_J2__refine_01.50000deg,multiscene_candidate_006,negative_J2,1,panda_joint2,negative,1.5,0.026179938779914945,True,,False,0.0013964250683784485,24,,True,True,False,False,0.001460537314414978,24,31,True
multiscene_candidate_006__negative_J2__refine_01.75000deg,multiscene_candidate_006,negative_J2,1,panda_joint2,negative,1.75,0.030543261909900768,True,,False,0.0002935752272605896,24,,True,True,False,False,8.068978786468506e-05,24,31,True
multiscene_candidate_006__negative_J2__refine_01.87500deg,multiscene_candidate_006,negative_J2,1,panda_joint2,negative,1.875,0.032724923474893676,True,,True,-0.00026072561740875244,24,24,True,True,False,True,-0.0005929321050643921,24,31,True
multiscene_candidate_006__negative_J2__refine_01.81250deg,multiscene_candidate_006,negative_J2,1,panda_joint2,negative,1.8125,0.031634092692397225,True,,False,1.6734004020690918e-05,24,,True,True,False,True,-0.0002575404942035675,24,31,False
multiscene_candidate_006__positive_J4__refine_01.50000deg,multiscene_candidate_006,positive_J4,3,panda_joint4,positive,1.5,0.026179938779914945,True,,True,-0.003662891685962677,24,23,True,True,False,True,-0.002160891890525818,24,31,True
multiscene_candidate_006__positive_J4__refine_01.25000deg,multiscene_candidate_006,positive_J4,3,panda_joint4,positive,1.25,0.02181661564992912,True,,True,-0.0017372742295265198,24,23,True,True,False,True,-5.5227428674697876e-05,24,31,True
multiscene_candidate_006__positive_J4__refine_01.12500deg,multiscene_candidate_006,positive_J4,3,panda_joint4,positive,1.125,0.019634954084936207,True,,True,-0.0007756203413009644,24,24,True,True,False,False,0.0009979158639907837,24,31,False
multiscene_candidate_006__positive_J4__refine_01.06250deg,multiscene_candidate_006,positive_J4,3,panda_joint4,positive,1.0625,0.018544123302439753,True,,True,-0.00029519200325012207,24,24,True,True,False,False,0.001524500548839569,24,31,False
multiscene_candidate_006__positive_J6__refine_07.00000deg,multiscene_candidate_006,positive_J6,5,panda_joint6,positive,7.0,0.12217304763960307,True,,True,-0.00013436004519462585,25,24,True,True,False,True,-0.0004361383616924286,24,31,True
multiscene_candidate_006__positive_J6__refine_06.50000deg,multiscene_candidate_006,positive_J6,5,panda_joint6,positive,6.5,0.11344640137963143,True,,False,0.000494047999382019,24,,True,True,False,False,0.0003284923732280731,24,31,True
multiscene_candidate_006__positive_J6__refine_06.75000deg,multiscene_candidate_006,positive_J6,5,panda_joint6,positive,6.75,0.11780972450961724,True,,False,0.00018978118896484375,24,,True,True,False,True,-5.4195523262023926e-05,24,31,False
multiscene_candidate_006__positive_J6__refine_06.87500deg,multiscene_candidate_006,positive_J6,5,panda_joint6,positive,6.875,0.11999138607461016,True,,False,3.133714199066162e-05,25,,True,True,False,True,-0.0002452544867992401,24,31,False
multiscene_candidate_006__positive_J6__refine_06.93750deg,multiscene_candidate_006,positive_J6,5,panda_joint6,positive,6.9375,0.12108221685710661,True,,True,-5.1390379667282104e-05,25,24,True,True,False,True,-0.0003407523036003113,24,31,True
